<partidasJuego>
                
    
    
    
    <partida>
                                
        
        
        <tipo>X</tipo>
                                
        
        
        <numerosCantados>51, 47, 29, 5, 42, 22, 36, 74, 58, 35, 10, 63, 70, 8, 19, 44, 69, 1, 4, 30, 38, 73, 9, 41, 13, 57, 43, 68, 40, 53, 33, 18, 75, 7, 14, 55, 71, 34, 32, 37, 59, 56, 62, 16, 25, 2, 6, 60, 67, 50, 61, 15, 45, 49, 23, 11, 31, 48, 28, 3, 26, 46, 39, 12, 17, 65, 20, 64, 66</numerosCantados>
                                
        
        
        <ganadores>7311186</ganadores>
                                
        
        
        <hora>11:08 </hora>
                                
        
        
        <fecha>10212023</fecha>
                            
    
    
    </partida>
            
    
    
    <partida>
                        
        
        <tipo>E</tipo>
                        
        
        <numerosCantados>34, 5, 71, 15, 42, 51, 27, 45, 19, 74, 37, 26, 55, 46, 14, 69, 25, 47, 53, 39, 10, 50, 16, 62, 9, 66, 54, 70, 11, 13, 75, 7, 29, 33, 8, 28, 23, 30, 20, 32, 57, 63</numerosCantados>
                        
        
        <ganadores>7311186</ganadores>
                        
        
        <hora>11:13</hora>
                        
        
        <fecha>21102023</fecha>
                    
    
    </partida>
        
    
    <partida>
                
        <tipo>L</tipo>
                
        <numerosCantados>53, 59, 69, 65, 13, 72, 29, 48, 30, 61, 14, 73, 25, 40, 6, 44, 56, 36, 41, 4, 60, 37, 39, 58, 42, 10, 9, 66, 2, 63, 43, 16, 74, 68, 31, 24, 51, 75, 17, 18, 62, 50, 54, 71, 67, 7, 12, 19, 23, 3, 70, 26, 32, 64, 5, 15, 55, 34, 22, 38, 8, 57, 1, 11, 33, 35, 52, 45, 21, 49</numerosCantados>
                
        <ganadores>7311186</ganadores>
                
        <hora>11:14</hora>
                
        <fecha>21102023</fecha>
            
    </partida>
    
    <partida>
        <tipo>E</tipo>
        <numerosCantados>58, 62, 70, 10, 56, 45, 22, 44, 30, 3, 67, 68, 25, 14, 24, 4, 43, 73, 59, 16, 15, 32, 49, 72, 69</numerosCantados>
        <ganadores>7311186</ganadores>
        <hora>11:16</hora>
        <fecha>21102023</fecha>
    </partida>
</partidasJuego>

